nom_poisson;rarete;link_img
Arapa�ma; Tr�s rare;https://static1.millenium.org/articles/9/36/15/39/@/1343244-1310157-1315803-sakana-44-i-64x64-2-64x64-2-64x64-1.png
Arowana; Tr�s rare;https://static1.millenium.org/articles/9/36/15/39/@/1343247-1310160-1315809-sakana-41-i-64x64-2-64x64-2-64x64-1.png
Ayu; Commun;https://static1.millenium.org/articles/9/36/15/39/@/1343250-1310154-sakana-26-i-64x64-2-64x64-1.png
Bar; Commun;https://static1.millenium.org/articles/9/36/15/39/@/1343253-1309770-bar-64x64-2-64x64-1.png
Bichir; Rare;https://static1.millenium.org/articles/9/36/15/39/@/1343256-1310124-sakana-45-i-64x64-2-64x64-1.png
Bouvi�re; Commun;https://static1.millenium.org/articles/9/36/15/39/@/1343259-1322841-1314843-2020-03-24-11-05-53-window-64x64-1-64x64-1-64x64-1.png
Brochet; Rare;https://static1.millenium.org/articles/9/36/15/39/@/1343262-1310190-sakana-24-i-64x64-2-64x64-1.png
Carassin; Commun;https://static1.millenium.org/articles/9/36/15/39/@/1343265-1309773-carassin-64x64-2-64x64-1.png
Chevaine; Commun;https://static1.millenium.org/articles/9/36/15/39/@/1343268-1309782-chevaine-64x64-2-64x64-1.png
Combattant; Rare;https://static1.millenium.org/articles/9/36/15/39/@/1343271-1317933-sakana-37-i-64x64-1-64x64-1.png
Crabe chinois; Rare;https://static1.millenium.org/articles/9/36/15/39/@/1343274-1310193-sakana-33-i-64x64-2-64x64-1.png
Crapet; Commun;https://static1.millenium.org/articles/9/36/15/39/@/1343277-1309785-crapet-64x64-2-64x64-1.png
Dai yu; Tr�s rare;https://static1.millenium.org/articles/9/36/15/39/@/1343280-1310217-1315779-sakana-30-i-64x64-2-64x64-2-64x64-1.png
Dorade; Tr�s rare;https://static1.millenium.org/articles/9/36/15/39/@/1343283-1310127-1315791-sakana-42-i-64x64-2-64x64-2-64x64-1.png
Eperlan; Commun;https://static1.millenium.org/articles/9/36/15/39/@/1343286-1310220-sakana-25-i-64x64-2-64x64-1.png
Esturgeon; Tr�s rare;https://static1.millenium.org/articles/9/36/15/39/@/1343289-1312350-esturgeon-64x64-2-64x64-1.png
Gobie d'eau douce; Rare;https://static1.millenium.org/articles/9/36/15/39/@/1343292-sakana-16-i-64x64-2.png
Guppy; Commun;https://static1.millenium.org/articles/9/36/15/39/@/1343295-1310019-sakana-34-i-64x64-2-64x64-1.png
Loche d'�tang; Commun;https://static1.millenium.org/articles/9/36/15/39/@/1343298-sakana-17-i-64x64-2.png
N�on bleu; Commun;https://static1.millenium.org/articles/9/36/15/39/@/1343301-1309989-sakana-38-i-64x64-3-64x64-1.png
Omble; Rare;https://static1.millenium.org/articles/9/36/15/39/@/1343304-1309956-2020-03-24-11-09-51-window-64x64-2-64x64-1.png
Perche jaune; Commun;https://static1.millenium.org/articles/9/36/15/39/@/1343307-1309998-perche-jaune-64x64-2-64x64-1.png
Piranha; Rare;https://static1.millenium.org/articles/9/36/15/39/@/1343310-1310130-sakana-40-i-64x64-2-64x64-1.png
Poisson arc-en-ciel; Commun;https://static1.millenium.org/articles/9/36/15/39/@/1343313-1310103-sakana-39-i-64x64-2-64x64-1.png
Poisson docteur; Commun;https://static1.millenium.org/articles/9/36/15/39/@/1343316-1310052-sakana-35-i-64x64-2-64x64-1.png
Poisson-ange; Rare;https://static1.millenium.org/articles/9/36/15/39/@/1343319-1310055-sakana-36-i-64x64-2-64x64-1.png
Saumon; Commun;https://static1.millenium.org/articles/9/36/15/39/@/1343322-1310199-sakana-31-i-64x64-2-64x64-1.png
Saumon masou; Commun;https://static1.millenium.org/articles/9/36/15/39/@/1343325-1314549-sakana-27-i-1-64x64-2-64x64-1.png
Saumon roi; Rare;https://static1.millenium.org/articles/9/36/15/39/@/1343328-1310196-sakana-32-i-64x64-2-64x64-1.png
Tilapia; Commun;https://static1.millenium.org/articles/9/36/15/39/@/1343331-1315503-sakana-23-i-64x64-2-64x64-1.png
Tortue serpentine; Rare;https://static1.millenium.org/articles/9/36/15/39/@/1343334-1317927-sakana-13-i-64x64-1-64x64-1.png
Tortue trionyx; Rare;https://static1.millenium.org/articles/9/36/15/39/@/1343337-1310163-155472-sakana-12-i-64x64-1-64x64-2-64x64-1.png
Truite dor�e; Tr�s rare;https://static1.millenium.org/articles/9/36/15/39/@/1343340-1315050-doree-64x64-2-64x64-1.png
Vandoise; Commun;https://static1.millenium.org/articles/9/36/15/39/@/1343343-1309794-vandoise-64x64-2-64x64-1.png
Carpe; Commun;https://static1.millenium.org/articles/9/36/15/39/@/1343346-1309776-carpe-64x64-2-64x64-1.png
Carpe Ko�; Rare;https://static1.millenium.org/articles/9/36/15/39/@/1343349-1309953-carpe-koi-64x64-2-64x64-1.png
Cyprin dor�; Tr�s rare;https://static1.millenium.org/articles/9/36/15/39/@/1343352-1309788-1315833-sakana-8-i-64x64-2-64x64-2-64x64-1.png
Ecrevisse; Commun;https://static1.millenium.org/articles/9/36/15/39/@/1343355-1309971-155469-sakana-11-i-64x64-1-64x64-2-64x64-1.png
Fondule barr�; Commun;https://static1.millenium.org/articles/9/36/15/39/@/1343358-1309983-155466-sakana-10-i-64x64-1-64x64-3-64x64-1.png
Gar; Tr�s rare;https://static1.millenium.org/articles/9/36/15/39/@/1343361-1310040-gar-64x64-3-64x64-1.png
Grenouille; Commun;https://static1.millenium.org/articles/9/36/15/39/@/1343364-1310061-sakana-15-i-64x64-2-64x64-1.png
Poisson rouge; Tr�s rare;https://static1.millenium.org/articles/9/36/15/39/@/1343367-1309779-poisson-rouge-64x64-2-64x64-1.png
Ranchu; Tr�s rare;https://static1.millenium.org/articles/9/36/15/39/@/1343370-1315497-155460-sakana-9-i-64x64-1-64x64-2-64x64-1.png
Silure; Commun;https://static1.millenium.org/articles/9/36/15/39/@/1343373-1310058-155547-sakana-18-i-64x64-1-64x64-2-64x64-1.png
T�tard; Rare;https://static1.millenium.org/articles/9/36/15/39/@/1343376-sakana-14-i-64x64-2.png
T�te-de-serpent; Rare;https://static1.millenium.org/articles/9/36/15/39/@/1343379-1310151-sakana-19-i-64x64-2-64x64-1.png
Anchois; Rare;https://static1.millenium.org/articles/9/36/15/39/@/1343382-1312347-sakana-56-i-64x64-2-64x64-1.png
Bar commun; Commun;https://static1.millenium.org/articles/9/36/15/39/@/1343385-1309797-bar-commun-64x64-2-64x64-1.png
Calmar; Rare;https://static1.millenium.org/articles/9/36/15/39/@/1343388-1314567-2020-03-24-11-03-39-window-64x64-1-64x64-1.png
Carangue grosse t�te; Rare;https://static1.millenium.org/articles/9/36/15/39/@/1343391-1319277-sakana-68-i-64x64-1-64x64-1.png
Cardeau; Rare;https://static1.millenium.org/articles/9/36/15/39/@/1343394-1309800-cardeau-64x64-2-64x64-1.png
Chinchard; Commun;https://static1.millenium.org/articles/9/36/15/39/@/1343397-1309803-chinchard-64x64-2-64x64-1.png
Clione; Commun;https://static1.millenium.org/articles/9/36/15/39/@/1343400-1314783-2020-03-24-11-09-23-window-64x64-1-64x64-1.png
Coryph�ne; Rare;https://static1.millenium.org/articles/9/36/15/39/@/1343403-1317930-sakana-69-i-64x64-1-64x64-1.png
Coelacanthe; Tr�s rare;https://static1.millenium.org/articles/9/36/15/39/@/1343406-sakana-80-i-64x64-2.png
Gard requin blanc; Tr�s rare;https://static1.millenium.org/articles/9/36/15/39/@/1343409-1310136-1315788-sakana-74-i-64x64-2-64x64-2-64x64-1.png
Hippocampe; Commun;https://static1.millenium.org/articles/9/36/15/39/@/1343412-1310022-sakana-48-i-64x64-2-64x64-1.png
Limande; Commun;https://static1.millenium.org/articles/9/36/15/39/@/1343415-1310010-2020-03-24-11-02-20-window-64x64-2-64x64-1.png
Lune de mer; Rare;https://static1.millenium.org/articles/9/36/15/39/@/1343418-1310139-sakana-70-i-64x64-2-64x64-1.png
Macropinna; Tr�s rare;https://static1.millenium.org/articles/9/36/15/39/@/1343421-sakana-79-i-64x64-2.png
Marlin bleu; Tr�s rare;https://static1.millenium.org/articles/9/36/15/39/@/1343424-1310172-1315806-sakana-67-i-64x64-2-64x64-2-64x64-1.png
Mur�ne; Rare;https://static1.millenium.org/articles/9/36/15/39/@/1343427-1310184-sakana-64-i-64x64-2-64x64-1.png
Mur�ne ruban bleue; Commun;https://static1.millenium.org/articles/9/36/15/39/@/1343430-1317942-sakana-65-i-64x64-1-64x64-1.png
Napol�on; Tr�s rare;https://static1.millenium.org/articles/9/36/15/39/@/1343433-1310175-1315812-sakana-52-i-64x64-2-64x64-2-64x64-1.png
Poisson chirurgien; Commun;https://static1.millenium.org/articles/9/36/15/39/@/1343436-1310064-sakana-50-i-64x64-2-64x64-1.png
Poisson lanterne; Rare;https://static1.millenium.org/articles/9/36/15/39/@/1343439-1310109-2020-03-24-11-15-08-window-64x64-2-64x64-1.png
Poisson-ballon; Rare;https://static1.millenium.org/articles/9/36/15/39/@/1343442-1310211-sakana-54-i-64x64-2-64x64-1.png
Poisson-clown; Commun;https://static1.millenium.org/articles/9/36/15/39/@/1343445-1310094-sakana-49-i-64x64-2-64x64-1.png
Poisson-papillon; Commun;https://static1.millenium.org/articles/9/36/15/39/@/1343448-1310091-sakana-51-i-64x64-2-64x64-1.png
Poisson porc-�pic; Commun;https://static1.millenium.org/articles/9/36/15/39/@/1343451-1310178-sakana-55-i-64x64-2-64x64-1.png
Poisson-ruban; Tr�s rare;https://static1.millenium.org/articles/9/36/15/39/@/1343454-1310112-2020-03-24-11-02-39-window-64x64-2-64x64-1.png
Poisson-scorpion; Commun;https://static1.millenium.org/articles/9/36/15/39/@/1343457-1310073-sakana-53-i-64x64-2-64x64-1.png
Raie; Rare;https://static1.millenium.org/articles/9/36/15/39/@/1343460-1310187-sakana-71-i-64x64-2-64x64-1.png
R�mora ray�; Rare;https://static1.millenium.org/articles/9/36/15/39/@/1343463-1317939-sakana-76-i-64x64-1-64x64-1.png
Requin marteau; Tr�s rare;https://static1.millenium.org/articles/9/36/15/39/@/1343466-1310166-1315818-sakana-73-i-64x64-2-64x64-2-64x64-1.png
Requin scie; Tr�s rare;https://static1.millenium.org/articles/9/36/15/39/@/1343469-1310169-1315800-sakana-72-i-64x64-2-64x64-2-64x64-1.png
Requin baleine; Tr�s rare;https://static1.millenium.org/articles/9/36/15/39/@/1343472-1315488-1315797-sakana-75-i-64x64-2-64x64-2-64x64-1.png
Scarus; Rare;https://static1.millenium.org/articles/9/36/15/39/@/1343475-1309974-2020-03-24-11-01-40-window-64x64-2-64x64-1.png
Thon; Tr�s rare;https://static1.millenium.org/articles/9/36/15/39/@/1343478-sakana-66-i-64x64-2.png
Vivaneau; Rare;https://static1.millenium.org/articles/9/36/15/39/@/1343481-1309809-vivaneau-64x64-2-64x64-1.png
Arapa�ma; Tr�s rare;https://static1.millenium.org/articles/9/36/15/39/@/1343757-1310157-1315803-sakana-44-i-64x64-2-64x64-2-64x64-1.png
Arowana; Tr�s rare;https://static1.millenium.org/articles/9/36/15/39/@/1343760-1310160-1315809-sakana-41-i-64x64-2-64x64-2-64x64-1.png
Ayu; Commun;https://static1.millenium.org/articles/9/36/15/39/@/1343763-1310154-sakana-26-i-64x64-2-64x64-1.png
Bar; Commun;https://static1.millenium.org/articles/9/36/15/39/@/1343766-1309770-bar-64x64-2-64x64-1.png
Bichir; Rare;https://static1.millenium.org/articles/9/36/15/39/@/1343769-1310124-sakana-45-i-64x64-2-64x64-1.png
Bouvi�re; Commun;https://static1.millenium.org/articles/9/36/15/39/@/1343772-1322841-1314843-2020-03-24-11-05-53-window-64x64-1-64x64-1-64x64-1.png
Brochet; Rare;https://static1.millenium.org/articles/9/36/15/39/@/1343775-1310190-sakana-24-i-64x64-2-64x64-1.png
Carassin; Commun;https://static1.millenium.org/articles/9/36/15/39/@/1343778-1309773-carassin-64x64-2-64x64-1.png
Chevaine; Commun;https://static1.millenium.org/articles/9/36/15/39/@/1343781-1309782-chevaine-64x64-2-64x64-1.png
Combattant; Rare;https://static1.millenium.org/articles/9/36/15/39/@/1343784-1317933-sakana-37-i-64x64-1-64x64-1.png
Crabe chinois; Rare;https://static1.millenium.org/articles/9/36/15/39/@/1343787-1310193-sakana-33-i-64x64-2-64x64-1.png
Crapet; Commun;https://static1.millenium.org/articles/9/36/15/39/@/1343790-1309785-crapet-64x64-2-64x64-1.png
Dai yu; Tr�s rare;https://static1.millenium.org/articles/9/36/15/39/@/1343793-1310217-1315779-sakana-30-i-64x64-2-64x64-2-64x64-1.png
Dorade; Tr�s rare;https://static1.millenium.org/articles/9/36/15/39/@/1343796-1310127-1315791-sakana-42-i-64x64-2-64x64-2-64x64-1.png
Eperlan; Commun;https://static1.millenium.org/articles/9/36/15/39/@/1343799-1310220-sakana-25-i-64x64-2-64x64-1.png
Esturgeon; Tr�s rare;https://static1.millenium.org/articles/9/36/15/39/@/1343802-1312350-esturgeon-64x64-2-64x64-1.png
Gobie d'eau douce; Rare;https://static1.millenium.org/articles/9/36/15/39/@/1343805-sakana-16-i-64x64-2.png
Guppy; Commun;https://static1.millenium.org/articles/9/36/15/39/@/1343808-1310019-sakana-34-i-64x64-2-64x64-1.png
Loche d'�tang; Commun;https://static1.millenium.org/articles/9/36/15/39/@/1343811-sakana-17-i-64x64-1.png
N�on bleu; Commun;https://static1.millenium.org/articles/9/36/15/39/@/1343814-1309989-sakana-38-i-64x64-3-64x64-1.png
Omble; Rare;https://static1.millenium.org/articles/9/36/15/39/@/1343817-1309956-2020-03-24-11-09-51-window-64x64-2-64x64-1.png
Perche jaune; Commun;https://static1.millenium.org/articles/9/36/15/39/@/1343820-1309998-perche-jaune-64x64-2-64x64-1.png
Piranha; Rare;https://static1.millenium.org/articles/9/36/15/39/@/1343823-1310130-sakana-40-i-64x64-2-64x64-1.png
Poisson arc-en-ciel; Commun;https://static1.millenium.org/articles/9/36/15/39/@/1343826-1310103-sakana-39-i-64x64-2-64x64-1.png
Poisson docteur; Commun;https://static1.millenium.org/articles/9/36/15/39/@/1343829-1310052-sakana-35-i-64x64-2-64x64-1.png
Poisson-ange; Rare;https://static1.millenium.org/articles/9/36/15/39/@/1343832-1310055-sakana-36-i-64x64-2-64x64-1.png
Saumon; Commun;https://static1.millenium.org/articles/9/36/15/39/@/1343835-1310199-sakana-31-i-64x64-2-64x64-1.png
Saumon masou; Commun;https://static1.millenium.org/articles/9/36/15/39/@/1343838-1314549-sakana-27-i-1-64x64-2-64x64-1.png
Saumon roi; Rare;https://static1.millenium.org/articles/9/36/15/39/@/1343841-1310196-sakana-32-i-64x64-2-64x64-1.png
Tilapia; Commun;https://static1.millenium.org/articles/9/36/15/39/@/1343844-1315503-sakana-23-i-64x64-2-64x64-1.png
Tortue serpentine; Rare;https://static1.millenium.org/articles/9/36/15/39/@/1343847-1317927-sakana-13-i-64x64-1-64x64-1.png
Tortue trionyx; Rare;https://static1.millenium.org/articles/9/36/15/39/@/1343850-1310163-155472-sakana-12-i-64x64-1-64x64-2-64x64-1.png
Truite dor�e; Tr�s rare;https://static1.millenium.org/articles/9/36/15/39/@/1343853-1315050-doree-64x64-2-64x64-1.png
Vandoise; Commun;https://static1.millenium.org/articles/9/36/15/39/@/1343856-1309794-vandoise-64x64-2-64x64-1.png
Carpe; Commun;https://static1.millenium.org/articles/9/36/15/39/@/1343859-1309776-carpe-64x64-2-64x64-1.png
Carpe Ko�; Rare;https://static1.millenium.org/articles/9/36/15/39/@/1343862-1309953-carpe-koi-64x64-2-64x64-1.png
Cyprin dor�; Tr�s rare;https://static1.millenium.org/articles/9/36/15/39/@/1343865-1309788-1315833-sakana-8-i-64x64-2-64x64-2-64x64-1.png
Ecrevisse; Commun;https://static1.millenium.org/articles/9/36/15/39/@/1343868-1309971-155469-sakana-11-i-64x64-1-64x64-2-64x64-1.png
Fondule barr�; Commun;https://static1.millenium.org/articles/9/36/15/39/@/1343871-1309983-155466-sakana-10-i-64x64-1-64x64-3-64x64-1.png
Gar; Tr�s rare;https://static1.millenium.org/articles/9/36/15/39/@/1343874-1310040-gar-64x64-3-64x64-1.png
Grenouille; Commun;https://static1.millenium.org/articles/9/36/15/39/@/1343877-1310061-sakana-15-i-64x64-2-64x64-1.png
Poisson rouge; Tr�s rare;https://static1.millenium.org/articles/9/36/15/39/@/1343880-1309779-poisson-rouge-64x64-2-64x64-1.png
Ranchu; Tr�s rare;https://static1.millenium.org/articles/9/36/15/39/@/1343883-1315497-155460-sakana-9-i-64x64-1-64x64-2-64x64-1.png
Silure; Commun;https://static1.millenium.org/articles/9/36/15/39/@/1343886-1310058-155547-sakana-18-i-64x64-1-64x64-2-64x64-1.png
T�tard; Rare;https://static1.millenium.org/articles/9/36/15/39/@/1343889-sakana-14-i-64x64-1.png
T�te-de-serpent; Rare;https://static1.millenium.org/articles/9/36/15/39/@/1343892-1310151-sakana-19-i-64x64-2-64x64-1.png
Anchois; Rare;https://static1.millenium.org/articles/9/36/15/39/@/1343895-1312347-sakana-56-i-64x64-2-64x64-1.png
Bar commun; Commun;https://static1.millenium.org/articles/9/36/15/39/@/1343898-1309797-bar-commun-64x64-2-64x64-1.png
Calmar; Rare;https://static1.millenium.org/articles/9/36/15/39/@/1343901-1314567-2020-03-24-11-03-39-window-64x64-1-64x64-1.png
Carangue grosse t�te; Rare;https://static1.millenium.org/articles/9/36/15/39/@/1343904-1319277-sakana-68-i-64x64-1-64x64-1.png
Cardeau; Rare;https://static1.millenium.org/articles/9/36/15/39/@/1343907-1309800-cardeau-64x64-2-64x64-1.png
Chinchard; Commun;https://static1.millenium.org/articles/9/36/15/39/@/1343910-1309803-chinchard-64x64-2-64x64-1.png
Clione; Commun;https://static1.millenium.org/articles/9/36/15/39/@/1343913-1314783-2020-03-24-11-09-23-window-64x64-1-64x64-1.png
Coryph�ne; Rare;https://static1.millenium.org/articles/9/36/15/39/@/1343916-1317930-sakana-69-i-64x64-1-64x64-1.png
Coelacanthe; Tr�s rare;https://static1.millenium.org/articles/9/36/15/39/@/1343919-sakana-80-i-64x64-1.png
Gard requin blanc; Tr�s rare;https://static1.millenium.org/articles/9/36/15/39/@/1343922-1310136-1315788-sakana-74-i-64x64-2-64x64-2-64x64-1.png
Hippocampe; Commun;https://static1.millenium.org/articles/9/36/15/39/@/1343925-1310022-sakana-48-i-64x64-2-64x64-1.png
Limande; Commun;https://static1.millenium.org/articles/9/36/15/39/@/1343928-1310010-2020-03-24-11-02-20-window-64x64-2-64x64-1.png
Lune de mer; Rare;https://static1.millenium.org/articles/9/36/15/39/@/1343931-1310139-sakana-70-i-64x64-2-64x64-1.png
Macropinna; Tr�s rare;https://static1.millenium.org/articles/9/36/15/39/@/1343934-sakana-79-i-64x64-1.png
Marlin bleu; Tr�s rare;https://static1.millenium.org/articles/9/36/15/39/@/1343937-1310172-1315806-sakana-67-i-64x64-2-64x64-2-64x64-1.png
Mur�ne; Rare;https://static1.millenium.org/articles/9/36/15/39/@/1343940-1310184-sakana-64-i-64x64-2-64x64-1.png
Mur�ne ruban bleue; Commun;https://static1.millenium.org/articles/9/36/15/39/@/1343943-1317942-sakana-65-i-64x64-1-64x64-1.png
Napol�on; Tr�s rare;https://static1.millenium.org/articles/9/36/15/39/@/1343946-1310175-1315812-sakana-52-i-64x64-2-64x64-2-64x64-1.png
Poisson chirurgien; Commun;https://static1.millenium.org/articles/9/36/15/39/@/1343949-1310064-sakana-50-i-64x64-2-64x64-1.png
Poisson lanterne; Rare;https://static1.millenium.org/articles/9/36/15/39/@/1343952-1310109-2020-03-24-11-15-08-window-64x64-2-64x64-1.png
Poisson-ballon; Rare;https://static1.millenium.org/articles/9/36/15/39/@/1343955-1310211-sakana-54-i-64x64-2-64x64-1.png
Poisson-clown; Commun;https://static1.millenium.org/articles/9/36/15/39/@/1343958-1310094-sakana-49-i-64x64-2-64x64-1.png
Poisson-papillon; Commun;https://static1.millenium.org/articles/9/36/15/39/@/1343961-1310091-sakana-51-i-64x64-2-64x64-1.png
Poisson porc-�pic; Commun;https://static1.millenium.org/articles/9/36/15/39/@/1343964-1310178-sakana-55-i-64x64-2-64x64-1.png
Poisson-ruban; Tr�s rare;https://static1.millenium.org/articles/9/36/15/39/@/1343967-1310112-2020-03-24-11-02-39-window-64x64-2-64x64-1.png
Poisson-scorpion; Commun;https://static1.millenium.org/articles/9/36/15/39/@/1343970-1310073-sakana-53-i-64x64-2-64x64-1.png
Raie; Rare;https://static1.millenium.org/articles/9/36/15/39/@/1343973-1310187-sakana-71-i-64x64-2-64x64-1.png
R�mora ray�; Rare;https://static1.millenium.org/articles/9/36/15/39/@/1343976-1317939-sakana-76-i-64x64-1-64x64-1.png
Requin marteau; Tr�s rare;https://static1.millenium.org/articles/9/36/15/39/@/1343979-1310166-1315818-sakana-73-i-64x64-2-64x64-2-64x64-1.png
Requin scie; Tr�s rare;https://static1.millenium.org/articles/9/36/15/39/@/1343982-1310169-1315800-sakana-72-i-64x64-2-64x64-2-64x64-1.png
Requin baleine; Tr�s rare;https://static1.millenium.org/articles/9/36/15/39/@/1343985-1315488-1315797-sakana-75-i-64x64-2-64x64-2-64x64-1.png
Scarus; Rare;https://static1.millenium.org/articles/9/36/15/39/@/1343988-1309974-2020-03-24-11-01-40-window-64x64-2-64x64-1.png
Thon; Tr�s rare;https://static1.millenium.org/articles/9/36/15/39/@/1343991-sakana-66-i-64x64-1.png
Vivaneau; Rare;https://static1.millenium.org/articles/9/36/15/39/@/1343994-1309809-vivaneau-64x64-2-64x64-1.png
